{"data": [0.1467675357811269, 0.23509921542529652, 0.28549651136542153, 0.10067251982466625, 0.15348952946689895, 0.22236201082045004, 0.24795889710447497, 0.20686232165944693, 0.5623567425669725, 0.2855806568864345, 0.27609221989376936, 0.23760392433400807, 0.15366068909702094, 0.21376590364357237, 0.1448792732415707, 0.18298489505267673, 0.37940462055531715, 0.15735677652040733, 0.3272944961145728, 0.3589418888758729, 0.31397490867413363, 0.3547703918262388, 0.33412805784446903, 0.31420034102058775, 0.40065486952970697, 0.16014167167838378, 0.6213135155805086, 0.10477901895948641, 0.15697328213618128, 0.18206689100301707, 0.12375817372443322, 0.2109767685175158, 0.3060828530528866, 0.2152905624565515, 0.24727267145307477, 0.20821127040451404, 0.23715439201015742, 0.1876732342483011, 0.23973720476996324, 0.257409107788407, 0.18015467238919794, 0.406363605825356, 0.3658633036401185, 0.2204587042393912, 0.2603915067087182, 0.5198629833014016, 0.29088997589823135, 0.4441583956207957, 0.2162360128280956, 0.22654799651378218, 0.22692469557667075, 0.2655435798687559, 0.30808002450147914, 0.42546647961307504, 0.2783522134282887, 0.23873955388557483, 0.21936004470686302, 0.31305825626695283, 0.34740998514264304, 0.3204375553381977], "indices": [107, 6, 160, 184, 58, 74, 173, 156, 4, 55, 0, 22, 48, 121, 113, 39, 61, 184, 124, 101, 5, 115, 121, 45, 63, 90, 24, 133, 42, 102, 60, 158, 195, 7, 8, 92, 177, 199, 142, 143, 160, 163, 76, 133, 60, 192, 48, 98, 109, 197, 127, 193, 53, 42, 188, 47, 126, 25, 122, 181], "indptr": [0, 16, 25, 40, 48, 60], "shape": [5, 200]}